{"Method":{"0":"DMEWMA"},"Dimension":{"0":"7"},"Lambda":{"0":0.1},"ARL":{"0":2000},"h":{"0":21.204859375},"ARL_observed":{"0":1998.2498249825}}