{"Method":{"0":"DMEWMA"},"Dimension":{"0":"6"},"Lambda":{"0":0.9},"ARL":{"0":2000},"h":{"0":24.08888225},"ARL_observed":{"0":2001.2910291029}}