{"Method":{"0":"DMEWMA"},"Dimension":{"0":"6"},"Lambda":{"0":0.05},"ARL":{"0":2000},"h":{"0":17.4584375},"ARL_observed":{"0":1999.5891589159}}