{"Method":{"0":"DMEWMA"},"Dimension":{"0":"20"},"Lambda":{"0":0.5},"ARL":{"0":2000},"h":{"0":46.96329868},"ARL_observed":{"0":1998.8575857586}}