{"Method":{"0":"DMEWMA"},"Dimension":{"0":"7"},"Lambda":{"0":0.4},"ARL":{"0":2000},"h":{"0":25.1096197075},"ARL_observed":{"0":1999.3622362236}}