{"Method":{"0":"DMEWMA"},"Dimension":{"0":"15"},"Lambda":{"0":0.8},"ARL":{"0":2000},"h":{"0":39.69155087},"ARL_observed":{"0":1998.8280656131}}