{"Method":{"0":"DMEWMA"},"Dimension":{"0":"2"},"Lambda":{"0":0.95},"ARL":{"0":2000},"h":{"0":15.195539},"ARL_observed":{"0":1999.8944894489}}