{"Method":{"0":"DMEWMA"},"Dimension":{"0":"25"},"Lambda":{"0":0.6},"ARL":{"0":2000},"h":{"0":54.735623635},"ARL_observed":{"0":2000.7604760476}}