{"Method":{"0":"DMEWMA"},"Dimension":{"0":"10"},"Lambda":{"0":0.7},"ARL":{"0":2000},"h":{"0":31.37119125},"ARL_observed":{"0":1999.8395839584}}