{"Method":{"0":"DMEWMA"},"Dimension":{"0":"15"},"Lambda":{"0":0.6},"ARL":{"0":2000},"h":{"0":39.480187015},"ARL_observed":{"0":1999.8447844784}}