{"Method":{"0":"DMEWMA"},"Dimension":{"0":"50"},"Lambda":{"0":0.6},"ARL":{"0":2000},"h":{"0":89.327031145},"ARL_observed":{"0":1999.4735947189}}