{"Method":{"0":"DMEWMA"},"Dimension":{"0":"5"},"Lambda":{"0":0.5},"ARL":{"0":2000},"h":{"0":21.6391152475},"ARL_observed":{"0":2000.0741074107}}