{"Method":{"0":"DMEWMA"},"Dimension":{"0":"7"},"Lambda":{"0":0.7},"ARL":{"0":2000},"h":{"0":25.96168707},"ARL_observed":{"0":2001.9134913491}}