{"Method":{"0":"DMEWMA"},"Dimension":{"0":"15"},"Lambda":{"0":0.05},"ARL":{"0":2000},"h":{"0":31.57546875},"ARL_observed":{"0":1999.8124812481}}