{"Method":{"0":"DMEWMA"},"Dimension":{"0":"10"},"Lambda":{"0":0.4},"ARL":{"0":2000},"h":{"0":30.42165767},"ARL_observed":{"0":1998.495949595}}