{"Method":{"0":"DMEWMA"},"Dimension":{"0":"25"},"Lambda":{"0":0.2},"ARL":{"0":2000},"h":{"0":51.2886375},"ARL_observed":{"0":1999.8925892589}}