{"Method":{"0":"DMEWMA"},"Dimension":{"0":"5"},"Lambda":{"0":0.2},"ARL":{"0":2000},"h":{"0":19.421328125},"ARL_observed":{"0":1998.1664166417}}