{"Method":{"0":"DMEWMA"},"Dimension":{"0":"5"},"Lambda":{"0":0.7},"ARL":{"0":2000},"h":{"0":22.02144776},"ARL_observed":{"0":2000.5511551155}}