{"Method":{"0":"ssMEWMC"},"Dimension":{"0":"2"},"Lambda":{"0":0.5},"ARL":{"0":2000},"h":{"0":5.8081993102},"ARL_observed":{"0":2000.4462446245}}