{"Method":{"0":"ssMEWMA"},"Dimension":{"0":"9"},"Lambda":{"0":0.1},"ARL":{"0":2000},"h":{"0":28.23059375},"ARL_observed":{"0":1999.6464646465}}