{"Method":{"0":"ssDMEWMA"},"Dimension":{"0":"8"},"Lambda":{"0":0.7},"ARL":{"0":2000},"h":{"0":27.7770129775},"ARL_observed":{"0":2001.0537053705}}