{"Method":{"0":"ssMEWMC"},"Dimension":{"0":"6"},"Lambda":{"0":0.1},"ARL":{"0":2000},"h":{"0":2.5180190277},"ARL_observed":{"0":1999.5603560356}}