{"Method":{"0":"ssDMEWMA"},"Dimension":{"0":"20"},"Lambda":{"0":0.5},"ARL":{"0":2000},"h":{"0":47.016033055},"ARL_observed":{"0":2001.2848569714}}