{"Method":{"0":"ssMEWMA"},"Dimension":{"0":"15"},"Lambda":{"0":0.6},"ARL":{"0":2000},"h":{"0":39.72042139},"ARL_observed":{"0":1998.2499249925}}