{"Method":{"0":"ssMEWMA"},"Dimension":{"0":"3"},"Lambda":{"0":0.9},"ARL":{"0":2000},"h":{"0":17.70470288},"ARL_observed":{"0":1998.6372637264}}