{"Method":{"0":"ssMEWMA"},"Dimension":{"0":"6"},"Lambda":{"0":0.95},"ARL":{"0":2000},"h":{"0":24.10009905},"ARL_observed":{"0":1998.9392939294}}