{"Method":{"0":"ssDMEWMA"},"Dimension":{"0":"8"},"Lambda":{"0":0.5},"ARL":{"0":2000},"h":{"0":27.361668135},"ARL_observed":{"0":1999.8810881088}}