{"Method":{"0":"ssMEWMA"},"Dimension":{"0":"6"},"Lambda":{"0":0.8},"ARL":{"0":2000},"h":{"0":24.09719669},"ARL_observed":{"0":2000.5303530353}}