{"Method":{"0":"ssMEWMC"},"Dimension":{"0":"3"},"Lambda":{"0":0.6},"ARL":{"0":2000},"h":{"0":10.0605213136},"ARL_observed":{"0":1999.5805580558}}