{"Method":{"0":"ssDMEWMA"},"Dimension":{"0":"9"},"Lambda":{"0":0.7},"ARL":{"0":2000},"h":{"0":29.580931835},"ARL_observed":{"0":2000.3687368737}}