{"Method":{"0":"ssMEWMA"},"Dimension":{"0":"7"},"Lambda":{"0":0.7},"ARL":{"0":2000},"h":{"0":25.99684332},"ARL_observed":{"0":2000.0978391357}}