{"Method":{"0":"ssMEWMA"},"Dimension":{"0":"3"},"Lambda":{"0":0.95},"ARL":{"0":2000},"h":{"0":17.72367179},"ARL_observed":{"0":2001.0264026403}}