{"Method":{"0":"ssDMEWMA"},"Dimension":{"0":"5"},"Lambda":{"0":0.3},"ARL":{"0":2000},"h":{"0":20.504898775},"ARL_observed":{"0":2000.8345834583}}