{"Method":{"0":"ssDMEWMA"},"Dimension":{"0":"7"},"Lambda":{"0":0.3},"ARL":{"0":2000},"h":{"0":24.3220251175},"ARL_observed":{"0":1998.4297859572}}