{"Method":{"0":"ssDMEWMA"},"Dimension":{"0":"15"},"Lambda":{"0":0.9},"ARL":{"0":2000},"h":{"0":39.71317736},"ARL_observed":{"0":2000.8674867487}}