{"Method":{"0":"ssDMEWMA"},"Dimension":{"0":"9"},"Lambda":{"0":0.4},"ARL":{"0":2000},"h":{"0":28.706461295},"ARL_observed":{"0":2000.9131826365}}