{"Method":{"0":"ssDMEWMA"},"Dimension":{"0":"3"},"Lambda":{"0":0.1},"ARL":{"0":2000},"h":{"0":13.49203125},"ARL_observed":{"0":2000.9105910591}}