{"Method":{"0":"ssMEWMA"},"Dimension":{"0":"7"},"Lambda":{"0":0.8},"ARL":{"0":2000},"h":{"0":26.014342835},"ARL_observed":{"0":1998.0775155031}}