{"Method":{"0":"ssMEWMA"},"Dimension":{"0":"7"},"Lambda":{"0":0.3},"ARL":{"0":2000},"h":{"0":25.77612668},"ARL_observed":{"0":2001.1244124412}}