{"Method":{"0":"ssDMEWMA"},"Dimension":{"0":"8"},"Lambda":{"0":0.05},"ARL":{"0":2000},"h":{"0":20.74459375},"ARL_observed":{"0":2001.9881988199}}