{"Method":{"0":"ssDMEWMA"},"Dimension":{"0":"9"},"Lambda":{"0":0.95},"ARL":{"0":2000},"h":{"0":29.645859505},"ARL_observed":{"0":2000.8467846785}}