{"Method":{"0":"ssDMEWMA"},"Dimension":{"0":"4"},"Lambda":{"0":0.3},"ARL":{"0":2000},"h":{"0":18.41193338},"ARL_observed":{"0":2000.8725872587}}