{"Method":{"0":"ssDMEWMA"},"Dimension":{"0":"7"},"Lambda":{"0":0.1},"ARL":{"0":2000},"h":{"0":21.169703125},"ARL_observed":{"0":1999.801980198}}