{"Method":{"0":"ssMEWMA"},"Dimension":{"0":"2"},"Lambda":{"0":0.7},"ARL":{"0":2000},"h":{"0":15.17773041},"ARL_observed":{"0":1998.0185018502}}