{"Method":{"0":"ssDMEWMA"},"Dimension":{"0":"2"},"Lambda":{"0":0.4},"ARL":{"0":2000},"h":{"0":14.292042925},"ARL_observed":{"0":1999.402940294}}