{"Method":{"0":"ssDMEWMA"},"Dimension":{"0":"20"},"Lambda":{"0":0.4},"ARL":{"0":2000},"h":{"0":46.39728031},"ARL_observed":{"0":2001.8104620924}}