{"Method":{"0":"ssMEWMA"},"Dimension":{"0":"8"},"Lambda":{"0":0.05},"ARL":{"0":2000},"h":{"0":25.23678125},"ARL_observed":{"0":2001.8100810081}}