{"Method":{"0":"ssDMEWMA"},"Dimension":{"0":"50"},"Lambda":{"0":0.2},"ARL":{"0":2000},"h":{"0":85.02151275},"ARL_observed":{"0":2002.8335833583}}