{"Method":{"0":"ssDMEWMA"},"Dimension":{"0":"20"},"Lambda":{"0":0.3},"ARL":{"0":2000},"h":{"0":45.42620915},"ARL_observed":{"0":1999.6065606561}}