{"Method":{"0":"ssMEWMA"},"Dimension":{"0":"10"},"Lambda":{"0":0.6},"ARL":{"0":2000},"h":{"0":31.46552847},"ARL_observed":{"0":1999.495249525}}