{"Method":{"0":"ssMEWMA"},"Dimension":{"0":"2"},"Lambda":{"0":0.3},"ARL":{"0":2000},"h":{"0":14.931296195},"ARL_observed":{"0":2000.1975395079}}