{"Method":{"0":"ssDMEWMA"},"Dimension":{"0":"9"},"Lambda":{"0":0.9},"ARL":{"0":2000},"h":{"0":29.64134634},"ARL_observed":{"0":1999.7831783178}}