{"Method":{"0":"ssDMEWMA"},"Dimension":{"0":"9"},"Lambda":{"0":0.5},"ARL":{"0":2000},"h":{"0":29.1635312725},"ARL_observed":{"0":1999.7225722572}}